{
  "employee": [
    {
      "fname": "Sophia",
      "lname": "E",
      "email": "sophia@gmail.com",
      "mobile": "9847857858",
      "salary": "80000",
      "id": 12
    },
    {
      "fname": "Alexander",
      "lname": "D",
      "email": "alexander@gmail.com",
      "mobile": "9847857858",
      "salary": "80000",
      "id": 13
    },
    {
      "fname": "Nish",
      "lname": "D",
      "email": "nish@gmail.com",
      "mobile": "9847857858",
      "salary": "700000",
      "id": 14
    },
    {
      "fname": "keerthi",
      "lname": "B",
      "email": "keerthib@gmail.com",
      "mobile": "8309528802",
      "salary": "33333333",
      "id": 15
    },
    {
      "fname": "keerthi",
      "lname": "B",
      "email": "keerthib@gmail.com",
      "mobile": "8309528802",
      "salary": "33333333",
      "id": 16
    },
    {
      "fname": "keerthi",
      "lname": "B",
      "email": "keerthib@gmail.com",
      "mobile": "8309528802",
      "salary": "30000",
      "id": 17
    },
    {
      "fname": "keerthi",
      "lname": "B",
      "email": "keerthib@gmail.com",
      "mobile": "8309528802",
      "salary": "33333333",
      "id": 18
    },
    {
      "fname": "keerthi",
      "lname": "B",
      "email": "keerthib@gmail.com",
      "mobile": "8309528802",
      "salary": "33333333",
      "id": 19
    },
    {
      "fname": "keerthi",
      "lname": "B",
      "email": "keerthib@gmail.com",
      "mobile": "8309528802",
      "salary": "33333333",
      "id": 20
    },
    {
      "fname": "keerthi",
      "lname": "B",
      "email": "keerthib@gmail.com",
      "mobile": "8309528802",
      "salary": "33333333",
      "id": 21
    },
    {
      "fname": "keerthi",
      "lname": "B",
      "email": "keerthib@gmail.com",
      "mobile": "8309528802",
      "salary": "33333333",
      "id": 22
    },
    {
      "fname": "keerthi",
      "lname": "B",
      "email": "keerthib@gmail.com",
      "mobile": "8309528802",
      "salary": "33333333",
      "id": 23
    },
    {
      "fname": "keerthi",
      "lname": "B",
      "email": "keerthib@gmail.com",
      "mobile": "8309528802",
      "salary": "33333333",
      "id": 24
    },
    {
      "fname": "keerthi",
      "lname": "B",
      "email": "keerthib@gmail.com",
      "mobile": "0830952880",
      "salary": "33333333",
      "id": 25
    },
    {
      "fname": "keerthi",
      "lname": "B",
      "email": "keerthib@gmail.com",
      "mobile": "8309528802",
      "salary": "666666",
      "id": 26
    }
  ],
  "dashboard": [
    {
      "fname": "Nishaan",
      "lname": "Devarajulu",
      "email": "nish@gmail.com",
      "mobile": "9886566767",
      "salary": "4000002",
      "id": 8
    },
    {
      "fname": "Nick",
      "lname": "SMITH",
      "email": "smith@gmail.com",
      "mobile": "9887654321",
      "salary": "80000",
      "id": 14
    },
    {
      "fname": "CLARK",
      "lname": "A",
      "email": "clark@hotmail.com",
      "mobile": "9887654321",
      "salary": "60000",
      "id": 16
    },
    {
      "fname": "Lily",
      "lname": "R",
      "email": "lily@gmail.com",
      "mobile": "9887654321",
      "salary": "80000",
      "id": 17
    },
    {
      "fname": "Andrew",
      "lname": "P",
      "email": "andrew@yahoo.com",
      "mobile": "9887654321",
      "salary": "700000",
      "id": 18
    },
    {
      "fname": "keerthi",
      "lname": "B",
      "email": "keerthib@gmail.com",
      "mobile": "8309528802",
      "salary": "550000",
      "id": 19
    },
    {
      "fname": "keerthi",
      "lname": "B",
      "email": "keerthib@gmail.com",
      "mobile": "8309528802",
      "salary": "3333333",
      "id": 20
    },
    {
      "fname": "keerthi",
      "lname": "B",
      "email": "keerthib@gmail.com",
      "mobile": "8309528802",
      "salary": "33333333",
      "id": 21
    },
    {
      "fname": "keerthi",
      "lname": "B",
      "email": "keerthib@gmail.com",
      "mobile": "8309528802",
      "salary": "33333333",
      "id": 22
    },
    {
      "fname": "keerthi",
      "lname": "B",
      "email": "keerthib@gmail.com",
      "mobile": "8309528802",
      "salary": "33333333",
      "id": 23
    },
    {
      "fname": "demo",
      "lname": "ui",
      "email": "demo@gmail.com",
      "mobile": "9884422329",
      "salary": "3333333",
      "id": 24
    }
  ]
}